Index,Year,Player,Pos,Ht,Wt,Forty,Vertical,BenchReps,BroadJump,Cone,Shuttle,Pick
1247,2003,Chris Vance,4,73,189.0,4.55,0.0,0.0,0.0,0.0,0.0,0
535,2001,Richard Newsome,4,71,203.0,4.59,0.0,14.0,0.0,0.0,0.0,0
2540,2017,Derek Rivers,4,76,248.0,4.61,35.0,30.0,123.0,6.94,4.4,1
1676,2015,Jamon Brown,4,76,323.0,5.08,0.0,0.0,0.0,0.0,0.0,1
2304,2017,Ryan Anderson,4,74,253.0,4.78,0.0,0.0,0.0,0.0,0.0,1
3313,2020,Tyler Bass,4,70,185.0,0.0,0.0,0.0,0.0,0.0,0.0,1
2383,2017,Justin Evans,4,72,199.0,0.0,0.0,14.0,0.0,0.0,0.0,1
3557,2020,John Reid,4,70,187.0,4.49,36.5,20.0,129.0,6.95,3.97,1
2687,2008,Harry Douglas,4,71,176.0,4.51,31.0,0.0,120.0,6.57,4.12,1
1730,2015,Andrew Donnal,4,78,313.0,5.31,32.0,17.0,101.0,7.84,4.77,1
2292,2016,Antwaun Woods,4,72,318.0,5.18,0.0,0.0,0.0,0.0,0.0,0
179,2010,Dexter McCluster,4,69,172.0,4.53,37.5,20.0,118.0,0.0,4.06,1
395,2001,Leonard Davis,4,78,370.0,5.32,28.0,33.0,97.0,8.72,5.18,1
1696,2005,Thomas Davis,4,73,230.0,4.6,36.5,0.0,115.0,7.09,3.97,1
1059,2003,Jordan Gross,4,76,300.0,5.05,31.5,28.0,112.0,7.69,4.39,1
1739,2015,Ifo Ekpre-Olomu,4,69,192.0,4.52,0.0,0.0,0.0,0.0,0.0,1
1710,2005,Ben Emanuel,4,75,213.0,4.57,0.0,21.0,0.0,0.0,0.0,1
1107,2003,Kenny King,4,75,281.0,4.95,35.0,25.0,114.0,7.5,4.37,1
1718,2015,Geremy Davis,4,74,216.0,4.49,36.5,23.0,124.0,6.86,4.18,1
685,2002,Reche Caldwell,4,72,194.0,4.53,41.5,0.0,130.0,7.0,4.1,1
804,2002,Levi Jones,4,77,304.0,5.21,0.0,0.0,103.0,0.0,0.0,1
1225,2013,Kawann Short,4,75,299.0,5.08,0.0,0.0,0.0,0.0,0.0,1
3967,2021,Hamilcar Rashed,4,74,251.0,4.58,35.5,25.0,128.0,7.51,4.44,0
3583,2020,Stephen Sullivan,4,77,248.0,4.66,36.5,0.0,123.0,7.51,4.62,1
266,2000,Peter Sirmon,4,74,246.0,4.84,34.5,20.0,115.0,7.21,4.27,1
3037,2019,Ryan Davis,4,70,189.0,0.0,35.0,12.0,124.0,7.09,4.23,0
1289,2004,Courtney Anderson,4,78,269.0,4.89,30.0,17.0,106.0,7.86,4.45,1
2899,2008,Darnell Terrell,4,74,203.0,4.46,34.0,15.0,125.0,0.0,0.0,0
3216,2009,Sam Swank,4,72,193.0,4.95,0.0,0.0,0.0,0.0,0.0,0
2319,2017,Ben Boulware,4,72,238.0,0.0,29.5,20.0,111.0,7.02,4.43,0
2631,2018,Austin Allen,4,72,210.0,4.81,29.5,0.0,112.0,7.18,4.48,0
1099,2003,William Joseph,4,77,308.0,5.18,0.0,29.0,0.0,0.0,0.0,1
1894,2005,Dan Sheldon,4,69,179.0,4.43,0.0,0.0,0.0,0.0,0.0,0
1120,2013,Oscar Johnson,4,77,331.0,5.49,22.0,0.0,88.0,8.06,5.06,0
265,2010,Ndamukong Suh,4,76,307.0,5.03,35.5,32.0,105.0,7.21,4.44,1
1476,2004,Tony Pape,4,78,323.0,5.36,27.0,26.0,97.0,8.01,4.6,0
4471,2023,Jalen Carter,4,75,314.0,0.0,0.0,0.0,0.0,0.0,0.0,1
2922,2018,Marquez Valdes-Scantling,4,76,206.0,4.37,30.5,15.0,124.0,0.0,0.0,1
3066,2009,Brandon Hughes,4,70,182.0,4.4,36.5,8.0,128.0,6.9,4.23,1
1427,2014,Ra'Shede Hageman,4,78,310.0,4.92,35.5,32.0,114.0,7.87,4.5,1
2235,2006,Marcus Vick,4,72,200.0,4.47,36.0,0.0,117.0,6.94,4.08,0
1603,2014,Will Sutton,4,72,303.0,5.36,28.5,24.0,99.0,7.93,4.82,1
4260,2022,Zonovan Knight,4,71,209.0,4.58,31.0,0.0,114.0,0.0,0.0,0
1092,2013,Aaron Hester,4,74,198.0,4.62,29.0,0.0,112.0,7.26,4.33,0
1364,2004,Tim Euhus,4,77,260.0,4.93,34.5,25.0,115.0,6.99,4.13,1
1496,2004,Dexter Reid,4,71,203.0,4.56,0.0,0.0,0.0,0.0,0.0,1
1142,2013,Alec Lemon,4,73,202.0,4.59,32.0,7.0,112.0,7.04,4.29,0
2060,2016,Kyler Fackrell,4,77,245.0,4.72,34.5,15.0,121.0,0.0,0.0,1
3489,2020,Shane Lemieux,4,76,310.0,5.11,25.5,0.0,107.0,8.13,4.9,1
3351,2020,Nevelle Clarke,4,73,190.0,0.0,35.0,10.0,126.0,6.88,4.31,0
960,2012,Brandon Weeden,4,75,221.0,4.89,0.0,0.0,0.0,0.0,0.0,1
2695,2018,Marcus Davenport,4,78,264.0,4.58,33.5,22.0,124.0,7.2,4.41,1
3961,2021,Cornell Powell,4,72,204.0,4.53,36.5,16.0,128.0,7.03,4.21,1
3193,2009,Mark Sanchez,4,74,227.0,4.93,32.5,0.0,116.0,7.06,4.21,1
1662,2005,Vincent Burns,4,72,267.0,4.84,35.0,25.0,122.0,7.24,4.41,1
2723,2008,Marcus Griffin,4,70,201.0,4.69,31.5,13.0,119.0,7.09,4.32,0
1854,2015,Tevin McDonald,4,71,195.0,4.63,33.0,19.0,112.0,7.01,4.26,0
439,2001,Antoine Harris,4,75,260.0,4.93,0.0,11.0,0.0,0.0,0.0,0
4671,2023,Juice Scruggs,4,75,301.0,5.22,32.0,0.0,102.0,7.75,4.82,1
2351,2017,James Conner,4,73,233.0,4.65,29.0,20.0,113.0,0.0,0.0,1
1149,2003,Billy McMullen,4,76,210.0,4.61,0.0,0.0,0.0,0.0,0.0,1
230,2010,Taylor Price,4,72,204.0,4.4,37.0,16.0,114.0,6.82,4.34,1
1147,2003,Willis McGahee,4,72,223.0,4.45,0.0,0.0,0.0,0.0,0.0,1
803,2002,Terry Jones,4,75,265.0,4.79,33.5,20.0,111.0,7.43,4.43,1
2489,2007,Kevin Payne,4,72,220.0,4.6,35.0,20.0,106.0,7.0,4.3,1
1834,2015,Kyle Loomis,4,74,221.0,5.08,0.0,0.0,0.0,0.0,0.0,0
1450,2004,Triandos Luke,4,71,199.0,4.51,38.0,0.0,124.0,7.06,4.17,1
2458,2007,Brandon Meriweather,4,71,195.0,4.47,35.0,11.0,111.0,7.06,4.33,1
1668,2005,Luis Castillo,4,75,303.0,4.79,34.5,32.0,112.0,0.0,0.0,1
2893,2008,John Sullivan,4,75,301.0,5.35,30.0,21.0,103.0,7.62,4.55,1
2851,2018,Daron Payne,4,74,311.0,4.95,28.5,27.0,107.0,7.58,4.71,1
1585,2014,Yawin Smallwood,4,74,246.0,0.0,36.5,18.0,108.0,0.0,0.0,1
1355,2004,Nat Dorsey,4,79,322.0,5.46,28.5,26.0,102.0,8.3,4.84,1
2261,2006,Jimmy Williams-02,4,74,213.0,4.44,0.0,0.0,0.0,0.0,0.0,1
79,2010,Chris DeGeare,4,76,325.0,5.12,32.5,27.0,103.0,7.84,4.9,1
1197,2013,Keith Pough,4,74,239.0,4.87,33.0,17.0,118.0,7.28,4.47,0
1865,2015,Rakeem Nunez-Roches,4,74,307.0,5.02,34.0,26.0,114.0,7.67,4.69,1
3220,2009,Terrance Taylor,4,72,306.0,5.08,30.0,37.0,104.0,7.78,5.06,1
1879,2005,Leon Robinson,4,76,314.0,5.22,36.0,22.0,109.0,8.27,4.76,0
2422,2017,Colin Holba,4,76,248.0,5.19,28.0,0.0,115.0,0.0,0.0,1
3901,2021,Ifeatu Melifonwu,4,74,205.0,4.48,41.5,16.0,134.0,7.01,4.34,1
1723,2015,Ryan Delaire,4,76,254.0,4.97,0.0,23.0,0.0,0.0,0.0,0
1895,2015,Jared Roberts,4,72,210.0,5.02,0.0,0.0,0.0,0.0,0.0,0
3129,2009,Ryan McKee,4,78,296.0,5.03,0.0,0.0,0.0,0.0,0.0,0
4708,2023,Michael Turk,4,72,227.0,4.83,34.0,0.0,109.0,0.0,0.0,0
348,2001,Willie Blade,4,75,316.0,4.93,0.0,0.0,0.0,0.0,0.0,1
4283,2022,Sincere McCormick,4,69,205.0,4.6,33.5,0.0,116.0,0.0,0.0,0
835,2012,Terrell Manning,4,74,237.0,4.71,32.5,22.0,114.0,7.18,4.43,1
4443,2023,Jordan Battle,4,73,209.0,4.55,0.0,17.0,0.0,0.0,0.0,1
2773,2008,Stanford Keglar,4,74,239.0,4.58,34.0,29.0,126.0,6.7,3.98,1
1328,2014,Kapri Bibbs,4,69,212.0,4.67,29.0,24.0,106.0,0.0,0.0,0
3432,2020,Justin Herbert,4,78,236.0,4.68,35.5,0.0,123.0,7.06,4.46,1
1338,2004,Marquis Cooper,4,75,223.0,4.55,36.5,25.0,121.0,7.02,4.12,1
759,2012,Jonas Gray,4,70,223.0,4.58,0.0,20.0,0.0,0.0,0.0,0
1351,2014,Deone Bucannon,4,73,211.0,4.49,36.5,19.0,125.0,6.96,4.26,1
3947,2021,Jarrett Patterson,4,66,195.0,4.52,0.0,0.0,0.0,0.0,0.0,0
262,2010,James Starks,4,74,218.0,4.5,36.0,15.0,119.0,6.89,4.23,1
486,2001,Andre King,4,72,199.0,4.61,0.0,0.0,0.0,0.0,0.0,1
3669,2021,William Bradley-King,4,75,252.0,4.74,34.5,0.0,119.0,7.14,4.26,1
373,2011,Bruce Carter,4,73,241.0,4.57,0.0,25.0,0.0,0.0,0.0,1
2123,2016,Deion Jones,4,73,222.0,4.59,33.0,0.0,120.0,0.0,0.0,1
4223,2022,Hassan Haskins,4,74,228.0,0.0,0.0,27.0,0.0,0.0,0.0,1
2765,2018,Maurice Hurst,4,74,292.0,0.0,0.0,0.0,0.0,0.0,0.0,1
4002,2021,Trystan Slinker,4,70,234.0,4.84,30.5,20.0,119.0,7.59,4.63,0
1154,2003,Clint Mitchell,4,79,257.0,4.93,34.5,16.0,115.0,7.36,4.39,1
669,2012,Vick Ballard,4,70,219.0,4.59,33.0,23.0,115.0,7.03,4.19,1
2498,2007,Adam Podlesh,4,71,202.0,4.54,0.0,0.0,0.0,0.0,0.0,1
677,2002,Sheldon Brown,4,70,196.0,4.47,36.5,15.0,120.0,7.0,4.24,1
4402,2022,Damarion Williams,4,70,182.0,0.0,34.5,17.0,118.0,0.0,0.0,1
273,2010,Mike Tepper,4,77,324.0,5.31,26.5,28.0,94.0,7.95,5.25,0
2624,2017,Chris Wormley,4,77,298.0,0.0,0.0,23.0,0.0,0.0,0.0,1
3114,2019,Albert Huggins,4,75,305.0,5.12,25.5,35.0,101.0,7.84,4.84,0
289,2010,Alterraun Verner,4,70,189.0,4.52,32.0,11.0,116.0,6.7,4.12,1
1171,2013,Brandon McGee,4,71,193.0,4.4,33.5,14.0,119.0,6.71,4.18,1
3412,2020,Anthony Gordon,4,74,205.0,0.0,0.0,0.0,0.0,0.0,0.0,0
548,2001,Vitaly Pisetsky,4,70,232.0,0.0,0.0,0.0,0.0,0.0,0.0,0
617,2001,Fred Wakefield,4,79,287.0,5.09,29.0,26.0,108.0,7.49,4.64,0
3356,2020,Josiah Coatney,4,75,308.0,5.21,27.0,22.0,99.0,8.07,4.82,0
2832,2008,Jalen Parmele,4,71,224.0,4.47,34.0,19.0,125.0,6.96,4.29,1
3067,2009,Juaquin Iglesias,4,73,210.0,4.44,34.5,0.0,116.0,0.0,4.4,1
4530,2023,Shaka Heyward,4,75,235.0,4.53,31.0,22.0,116.0,7.32,4.4,0
1041,2003,Doug Gabriel,4,74,213.0,4.52,35.5,0.0,116.0,7.05,4.16,1
326,2001,Brian Allen-01,4,72,238.0,4.65,0.0,25.0,0.0,0.0,0.0,1
817,2002,Ashley Lelie,4,75,197.0,4.49,0.0,0.0,0.0,0.0,0.0,1
479,2001,Kevin Jordan,4,77,308.0,5.07,31.5,20.0,112.0,0.0,4.95,0
1304,2004,Michael Boulware,4,74,225.0,4.5,0.0,0.0,0.0,6.89,3.92,1
1009,2013,Travis Bond,4,78,329.0,5.27,22.5,22.0,98.0,7.85,4.96,1
615,2001,Michael Vick,4,72,210.0,4.33,0.0,0.0,0.0,0.0,0.0,1
4228,2022,Daxton Hill,4,72,191.0,4.38,33.5,0.0,121.0,6.57,4.06,1
1971,2016,Dominique Alexander,4,72,232.0,4.64,28.5,17.0,104.0,0.0,0.0,0
3117,2009,Orion Martin,4,74,262.0,4.7,32.0,24.0,108.0,7.9,4.63,0
3972,2021,Quincy Roche,4,0,0.0,0.0,32.5,23.0,119.0,0.0,0.0,1
1003,2003,Kerry Carter,4,74,238.0,4.61,36.0,20.0,118.0,7.29,4.39,0
2565,2017,Tanzel Smart,4,73,296.0,5.24,27.0,22.0,105.0,7.53,4.57,1
4287,2022,Marcus McKethan,4,79,340.0,5.31,27.5,27.0,110.0,7.81,4.99,1
1296,2004,Kevin Beard,4,72,180.0,4.46,31.0,0.0,113.0,0.0,0.0,0
1410,2014,Devonta Freeman,4,68,206.0,4.58,31.5,0.0,118.0,7.11,4.26,1
1843,2015,Marcus Mariota,4,76,222.0,4.52,36.0,0.0,121.0,6.87,4.11,1
694,2012,Zach Brown,4,73,244.0,4.44,33.5,0.0,116.0,0.0,0.0,1
1522,2004,Darrion Scott,4,75,289.0,4.81,36.5,0.0,118.0,0.0,4.32,1
680,2002,Antonio Bryant,4,73,188.0,4.57,37.0,0.0,121.0,0.0,0.0,1
1991,2016,Devante Bond,4,73,235.0,4.7,37.5,21.0,121.0,7.07,4.36,1
244,2010,Emmanuel Sanders,4,71,186.0,4.4,39.5,12.0,126.0,6.64,4.1,1
2480,2007,Sam Olajubutu,4,69,227.0,4.77,34.5,24.0,118.0,7.33,4.34,0
2710,2018,Deshon Elliott,4,74,205.0,4.58,36.0,15.0,121.0,0.0,0.0,1
2938,2018,David Wells,4,78,256.0,4.75,33.0,20.0,116.0,7.5,4.59,0
4446,2023,Jakorian Bennett,4,71,188.0,4.3,40.5,13.0,133.0,0.0,0.0,1
819,2012,Senio Kelemete,4,76,307.0,5.39,25.0,21.0,101.0,7.77,4.58,1
3292,2019,Zedrick Woods,4,71,205.0,4.29,34.5,19.0,122.0,7.0,4.15,0
307,2010,Keiland Williams,4,71,233.0,4.52,0.0,0.0,0.0,0.0,0.0,0
4578,2023,Paris Johnson Jr.,4,78,313.0,0.0,0.0,0.0,110.0,0.0,0.0,1
2795,2018,Kameron Kelly,4,74,200.0,4.66,33.0,9.0,120.0,6.94,4.28,0
3600,2020,Casey Toohill,4,76,250.0,4.62,39.0,17.0,126.0,7.08,4.21,1
2407,2017,Daeshon Hall,4,77,266.0,4.76,36.0,18.0,123.0,7.03,4.38,1
4275,2022,DeAngelo Malone,4,75,243.0,0.0,0.0,23.0,0.0,0.0,0.0,1
1327,2014,Nat Berhe,4,70,193.0,4.71,35.5,15.0,117.0,7.08,4.22,1
953,2012,Courtney Upshaw,4,74,272.0,4.74,0.0,22.0,0.0,0.0,0.0,1
1617,2014,George Uko,4,75,284.0,4.99,29.5,18.0,110.0,0.0,0.0,0
1181,2013,T.J. Moe,4,71,204.0,4.74,36.0,26.0,120.0,6.53,3.96,0
4294,2022,Skyy Moore,4,70,195.0,4.41,34.5,0.0,125.0,7.13,4.32,1
2612,2008,Sam Baker,4,77,309.0,5.5,0.0,28.0,0.0,0.0,0.0,1
3610,2020,K'Von Wallace,4,71,206.0,4.53,38.0,18.0,133.0,6.76,4.15,1
308,2010,Kyle Williams,4,70,188.0,4.4,33.0,11.0,118.0,7.0,4.19,1
4424,2023,Devon Achane,4,69,188.0,4.32,33.0,0.0,0.0,0.0,0.0,1
1221,2003,Musa Smith,4,73,232.0,4.45,35.5,0.0,123.0,0.0,0.0,1
102,2010,David Gettis,4,75,217.0,4.43,34.5,15.0,124.0,6.94,4.41,1
1740,2005,Ryan Grant-01,4,73,215.0,4.43,33.5,17.0,115.0,7.08,4.12,0
225,2010,Josh Pinkard,4,73,214.0,4.58,0.0,0.0,0.0,0.0,0.0,0
1222,2013,Brian Schwenke,4,75,314.0,4.99,26.5,31.0,108.0,7.31,4.74,1
2303,2017,Jonathan Allen,4,75,286.0,5.0,30.0,21.0,108.0,7.49,4.5,1
32,2000,Keith Brown,4,71,216.0,4.66,30.0,0.0,117.0,6.64,4.08,0
3554,2020,Jalen Reagor,4,71,206.0,4.47,42.0,17.0,138.0,7.31,4.46,1
3460,2020,Justin Jefferson,4,73,202.0,4.43,37.5,0.0,126.0,0.0,0.0,1
202,2000,Rob Meier,4,77,284.0,4.99,30.5,27.0,113.0,7.49,4.52,1
4112,2022,Amaré Barno,4,77,246.0,4.36,37.0,0.0,131.0,0.0,4.45,1
2606,2017,Davis Webb,4,77,229.0,4.79,33.0,0.0,118.0,6.92,4.21,1
2407,2007,Dante Hughes,4,70,190.0,4.56,28.5,16.0,114.0,7.28,4.43,1
1775,2005,Richie Incognito,4,75,305.0,4.84,0.0,29.0,0.0,0.0,0.0,1
726,2002,Mike Echols,4,69,190.0,4.35,0.0,0.0,0.0,0.0,0.0,1
3703,2021,Andre Cisco,4,0,0.0,0.0,0.0,17.0,0.0,0.0,0.0,1
3829,2021,Warren Jackson,4,78,219.0,4.68,33.5,0.0,123.0,7.81,4.53,0
380,2011,Chimdi Chekwa,4,72,191.0,4.38,34.5,0.0,126.0,0.0,0.0,1
3449,2020,Brian Cole II,4,74,213.0,4.52,0.0,0.0,0.0,0.0,0.0,1
3869,2021,Cole Van Lanen,4,76,305.0,5.11,30.0,22.0,107.0,7.34,4.64,1
1600,2004,George Wilson,4,72,213.0,4.63,35.0,0.0,120.0,7.07,3.98,0
808,2012,Jeremy Jones,4,69,197.0,4.56,31.5,20.0,116.0,7.14,4.18,0
2764,2018,Hayden Hurst,4,76,250.0,4.67,31.5,0.0,120.0,7.19,4.37,1
257,2000,Richard Seals,4,74,316.0,5.13,28.5,24.0,102.0,7.78,4.6,0
1780,2005,Erasmus James,4,76,266.0,4.81,37.5,0.0,122.0,7.56,4.37,1
1346,2014,Jonathan Brown,4,72,238.0,5.03,31.0,16.0,108.0,7.77,4.56,0
2206,2006,Anthony Smith,4,72,194.0,4.71,41.0,18.0,125.0,6.75,4.35,1
4327,2022,Sean Rhyan,4,77,321.0,5.25,33.5,0.0,110.0,7.55,4.81,1
315,2010,Kyle Wilson,4,70,194.0,4.43,0.0,25.0,0.0,0.0,0.0,1
3431,2020,Matt Hennessy,4,76,307.0,5.18,30.0,23.0,110.0,7.45,4.6,1
3225,2019,Jordan Scarlett,4,71,208.0,4.47,30.0,21.0,116.0,7.37,4.63,1
4693,2023,Noah Taylor,4,76,238.0,0.0,0.0,22.0,0.0,0.0,0.0,0
3743,2021,Brennan Eagles,4,75,225.0,4.55,36.5,0.0,125.0,6.93,4.42,0
1871,2005,Lamont Reid,4,71,195.0,4.53,40.5,15.0,124.0,7.18,4.28,0
2130,2016,Bronson Kaufusi,4,78,285.0,4.87,30.0,25.0,111.0,7.03,4.25,1
568,2011,Greg Romeus,4,77,264.0,4.79,0.0,0.0,0.0,0.0,0.0,1
2057,2006,Ed Hinkel,4,72,190.0,4.54,34.0,0.0,116.0,6.97,4.1,0
945,2012,Andrew Tiller,4,76,324.0,5.44,23.0,16.0,85.0,7.92,4.8,1
454,2001,Menson Holloway,4,74,284.0,4.9,34.5,19.0,111.0,7.54,4.43,0
100,2000,Arturo Freeman,4,72,188.0,4.5,35.5,14.0,124.0,6.91,4.38,1
24,2000,Michael Boireau,4,76,274.0,5.09,29.0,26.0,105.0,7.68,4.49,0
1785,2005,Derrick Johnson-02,4,75,242.0,4.52,37.5,0.0,120.0,7.2,3.87,1
2946,2018,Jordan Wilkins,4,73,216.0,0.0,36.0,16.0,117.0,0.0,4.27,1
1178,2013,Jordan Mills,4,77,316.0,5.37,28.5,20.0,101.0,8.1,4.88,1
890,2012,Nate Potter,4,78,303.0,5.26,28.5,22.0,100.0,7.49,4.67,1
1576,2014,Tom Savage,4,76,228.0,4.97,27.0,0.0,105.0,7.33,4.36,1
3251,2019,Trevon Tate,4,74,293.0,0.0,0.0,22.0,0.0,0.0,0.0,0
3677,2021,Deonte Brown,4,75,344.0,0.0,27.0,0.0,0.0,0.0,0.0,1
3075,2009,Ricky Jean-Francois,4,75,295.0,5.19,26.0,25.0,93.0,0.0,0.0,1
2084,2006,Johnathan Joseph,4,71,193.0,4.31,37.0,15.0,123.0,6.92,4.23,1
1746,2015,Sam Ficken,4,73,191.0,5.06,0.0,0.0,0.0,0.0,0.0,0
2117,2006,Jimmy Martin,4,77,303.0,5.23,31.0,25.0,101.0,0.0,0.0,0
1621,2005,Calvin Armstrong,4,79,325.0,5.51,34.0,26.0,100.0,7.62,4.66,0
2343,2017,Chuck Clark,4,72,208.0,4.54,34.0,16.0,122.0,6.85,4.07,1
1127,2003,Wayne Lucier,4,76,301.0,5.28,0.0,0.0,0.0,0.0,0.0,1
203,2000,Richard Mercier,4,75,295.0,5.39,26.0,18.0,97.0,7.84,4.78,0
2229,2016,Beau Sandland,4,76,253.0,4.74,35.0,23.0,124.0,7.1,4.33,1
2815,2018,Tavares Martin,4,73,177.0,4.8,31.5,0.0,0.0,0.0,0.0,0
3619,2020,Kenny Willekes,4,75,264.0,4.87,32.5,32.0,119.0,7.39,0.0,1
1789,2005,Brandon Jones,4,73,210.0,4.42,37.0,0.0,114.0,7.03,4.08,1
2192,2016,Jared Norris,4,73,241.0,4.8,29.5,19.0,114.0,0.0,4.52,0
157,2000,Jerry Johnson,4,72,293.0,5.03,28.5,26.0,102.0,0.0,0.0,1
2993,2019,Nick Bosa,4,76,266.0,4.79,33.5,29.0,116.0,7.1,4.14,1
1927,2005,Corey Webster,4,72,199.0,4.5,0.0,9.0,0.0,0.0,0.0,1
2650,2018,Nick Bawden,4,74,245.0,0.0,0.0,0.0,0.0,0.0,0.0,1
56,2000,Danny Clark,4,74,245.0,4.75,0.0,20.0,0.0,0.0,0.0,1
1071,2013,Tyrone Goard,4,76,205.0,4.5,36.0,10.0,123.0,6.9,4.39,0
3298,2020,Hakeem Adeniji,4,76,302.0,5.17,34.0,26.0,115.0,0.0,0.0,1
3018,2009,Robby Felix,4,75,302.0,5.2,29.0,33.0,97.0,7.96,4.73,0
4273,2022,Jesse Luketa,4,75,253.0,4.89,37.5,0.0,114.0,0.0,0.0,1
2360,2017,Justin Davis,4,73,208.0,0.0,0.0,21.0,0.0,0.0,0.0,0
2362,2007,Tala Esera,4,75,312.0,5.22,0.0,0.0,0.0,0.0,0.0,0
64,2000,Rameel Connor,4,75,276.0,5.0,35.5,25.0,121.0,7.65,4.45,0
4209,2022,Isaiah Graham-Mobley,4,73,230.0,4.63,34.5,0.0,124.0,0.0,0.0,0
616,2011,Josh Thomas,4,70,191.0,4.46,38.5,13.0,126.0,6.99,4.15,1
4516,2023,Jovaughn Gwyn,4,74,297.0,5.12,27.5,0.0,109.0,7.9,4.8,0
4621,2023,Mike Morris,4,77,275.0,4.95,28.5,22.0,110.0,0.0,0.0,1
2934,2018,Armani Watts,4,71,205.0,0.0,35.0,13.0,120.0,7.25,4.37,1
46,2010,Lee Campbell,4,74,247.0,4.88,34.0,17.0,108.0,7.27,4.4,0
792,2002,Grant Irons,4,78,267.0,4.96,40.5,19.0,119.0,7.27,4.38,0
4011,2021,Benjamin St-Juste,4,75,202.0,4.51,34.5,11.0,119.0,6.63,3.96,1
4387,2022,Quay Walker,4,76,241.0,4.52,32.0,0.0,122.0,0.0,0.0,1
4024,2021,Corey Straughter,4,70,184.0,4.62,35.0,11.0,117.0,7.37,4.58,0
1214,2003,Chad Setterstrom,4,75,309.0,5.44,28.5,16.0,99.0,7.93,4.66,0
321,2001,Keith Adams,4,71,219.0,4.82,0.0,24.0,104.0,0.0,0.0,1
4176,2022,Greg Dulcich,4,76,243.0,4.69,34.0,16.0,122.0,7.05,4.37,1
1091,2013,Eric Herman,4,76,320.0,5.25,28.0,36.0,95.0,7.99,5.09,1
2733,2008,Marcus Harrison,4,75,317.0,5.06,0.0,26.0,0.0,0.0,0.0,1
3464,2020,Jerry Jeudy,4,73,193.0,4.45,35.0,0.0,120.0,0.0,4.53,1
3253,2019,Jawaan Taylor,4,77,312.0,0.0,0.0,24.0,0.0,0.0,0.0,1
2528,2017,Ejuan Price,4,71,241.0,4.84,31.5,20.0,117.0,0.0,4.34,1
4667,2023,John Michael Schmitz,4,76,301.0,5.35,29.5,0.0,104.0,0.0,4.56,0
2280,2007,Rufus Alexander,4,73,228.0,4.79,35.0,25.0,117.0,7.06,4.3,1
1574,2004,Khaleed Vaughn,4,76,281.0,5.0,31.5,14.0,113.0,7.38,4.35,0
2797,2018,Jamarcus King,4,73,186.0,4.7,0.0,0.0,0.0,0.0,0.0,0
3387,2020,Devin Duvernay,4,70,200.0,4.39,35.5,0.0,123.0,7.13,4.2,1
2648,2008,Dorien Bryant,4,70,174.0,4.49,0.0,0.0,119.0,6.88,4.24,0
2593,2017,Mitchell Trubisky,4,74,222.0,4.67,27.5,0.0,116.0,6.87,4.25,1
673,2012,Travis Benjamin,4,70,172.0,4.31,38.0,14.0,119.0,0.0,0.0,1
728,2002,Kalimba Edwards,4,77,265.0,4.75,0.0,0.0,0.0,0.0,0.0,1
2038,2006,Andre Hall,4,68,208.0,4.4,33.0,18.0,113.0,7.38,0.0,0
1618,2005,Lorenzo Alexander,4,74,289.0,5.12,29.5,28.0,106.0,7.53,4.55,0
2212,2016,C.J. Prosise,4,72,220.0,4.48,35.5,0.0,121.0,0.0,0.0,1
3140,2019,Bisi Johnson,4,72,204.0,4.51,38.0,14.0,124.0,6.88,4.16,1
1076,2013,Ray Graham,4,69,199.0,4.8,32.5,18.0,112.0,7.17,4.21,0
2939,2009,Connor Barwin,4,76,256.0,4.47,40.5,21.0,128.0,6.87,4.18,1
4710,2023,Carrington Valentine,4,72,193.0,0.0,39.0,9.0,128.0,0.0,0.0,1
1284,2013,Markus Wheaton,4,71,189.0,4.45,37.0,20.0,120.0,6.8,4.02,1
927,2002,Bryan Thomas,4,76,266.0,4.47,34.5,33.0,0.0,0.0,0.0,1
967,2012,David Wilson,4,70,206.0,4.38,41.0,0.0,132.0,7.09,4.12,1
3684,2021,Calvin Bundage,4,73,221.0,4.81,31.5,14.0,116.0,7.31,4.43,0
1832,2005,Vernand Morency,4,70,212.0,4.66,33.5,19.0,108.0,7.02,4.12,1
1472,2004,Antwan Odom,4,78,274.0,4.71,37.0,21.0,114.0,7.3,4.44,1
227,2000,Julian Peterson,4,77,231.0,4.68,0.0,0.0,0.0,0.0,0.0,1
1897,2005,Wes Sims,4,77,318.0,5.39,28.0,26.0,108.0,7.68,4.43,1
3801,2021,Daelin Hayes,4,75,253.0,4.71,32.5,26.0,119.0,7.17,4.29,1
821,2012,Dre Kirkpatrick,4,74,186.0,4.5,35.0,0.0,120.0,0.0,0.0,1
2167,2016,Tyler Marz,4,79,316.0,5.54,27.5,19.0,99.0,8.38,4.97,0
162,2010,Sean Lee,4,74,236.0,4.71,37.5,24.0,120.0,0.0,0.0,1
2101,2016,Jordan Howard,4,72,230.0,4.57,34.0,16.0,122.0,0.0,0.0,1
3950,2021,Kwity Paye,4,74,261.0,4.52,35.3,36.0,118.0,0.0,0.0,1
4512,2023,Richard Gouraige,4,77,306.0,0.0,0.0,0.0,0.0,0.0,0.0,0
3168,2009,Ryan Palmer,4,68,190.0,4.54,36.5,16.0,121.0,7.12,4.29,0
468,2001,Michael Jameson,4,71,186.0,4.5,34.5,9.0,118.0,7.13,4.2,1
3857,2021,Xavier Kelly,4,76,306.0,5.17,27.0,27.0,99.0,0.0,0.0,0
1040,2003,Lui Fuata,4,74,309.0,5.57,0.0,0.0,0.0,0.0,0.0,0
2178,2006,Donovan Raiola,4,74,300.0,5.55,25.0,20.0,90.0,8.17,4.97,0
1952,2015,Daryl Williams,4,77,327.0,5.34,26.0,27.0,97.0,0.0,5.15,1
2385,2017,Dan Feeney,4,76,305.0,5.24,28.0,26.0,101.0,7.52,4.68,1
1396,2014,Shaquelle Evans,4,73,213.0,4.51,34.5,13.0,122.0,7.07,4.21,1
1090,2013,Brandon Hepburn,4,74,240.0,4.68,32.0,21.0,124.0,7.4,4.55,1
132,2010,Carl Ihenacho,4,74,255.0,4.86,0.0,20.0,0.0,0.0,0.0,0
1495,2014,Spencer Long,4,77,320.0,5.16,0.0,0.0,0.0,0.0,0.0,1
4502,2023,Alex Forsyth,4,76,303.0,0.0,20.5,0.0,95.0,0.0,0.0,1
679,2012,Philip Blake,4,75,311.0,5.17,29.5,22.0,105.0,7.86,4.65,1
141,2010,Micah Johnson,4,73,258.0,4.99,29.0,31.0,0.0,0.0,0.0,0
2377,2017,Jake Elliott,4,69,167.0,4.79,0.0,0.0,0.0,0.0,0.0,1
1995,2016,Trevone Boykin,4,72,212.0,4.77,32.0,0.0,110.0,0.0,4.4,0
3520,2020,Tanner Muse,4,74,227.0,4.41,34.5,20.0,124.0,0.0,0.0,1
920,2012,Mitchell Schwartz,4,77,318.0,5.38,26.5,23.0,89.0,7.86,4.87,1
784,2002,Artis Hicks,4,76,303.0,5.08,29.5,22.0,104.0,7.85,4.64,0
2951,2018,Jeff Wilson,4,71,210.0,0.0,0.0,15.0,0.0,0.0,0.0,0
2148,2006,Barrick Nealy,4,76,226.0,4.57,32.5,0.0,114.0,6.94,4.26,0
3015,2009,Marlon Favorite,4,73,314.0,5.09,0.0,26.0,0.0,0.0,0.0,0
2444,2007,Mike Mason,4,72,190.0,4.4,39.5,0.0,129.0,6.94,4.08,0
2867,2008,Owen Schmitt,4,74,247.0,4.73,0.0,26.0,0.0,0.0,0.0,1
3543,2020,Scottie Phillips,4,68,209.0,4.56,30.0,29.0,114.0,7.4,4.53,0
4061,2021,Tre Walker,4,70,178.0,4.58,28.0,0.0,113.0,7.75,4.47,0
2052,2006,Eric Henderson,4,74,270.0,4.75,0.0,30.0,0.0,0.0,0.0,0
222,2010,Aaron Pettrey,4,73,202.0,4.94,0.0,0.0,0.0,0.0,0.0,0
1734,2015,Kurtis Drummond,4,73,208.0,4.65,39.5,0.0,119.0,7.09,4.33,0
3405,2020,Antonio Gandy-Golden,4,76,223.0,4.6,36.0,22.0,127.0,7.33,4.55,1
2273,2006,Vince Young,4,77,229.0,4.48,0.0,0.0,0.0,0.0,0.0,1
4222,2022,Kolby Harvell-Peel,4,72,213.0,0.0,0.0,21.0,0.0,0.0,0.0,0
717,2012,Tyrone Crawford,4,76,275.0,4.82,33.0,28.0,113.0,7.09,4.44,1
4341,2022,Andrew Rupcich,4,78,318.0,5.31,27.5,0.0,108.0,0.0,0.0,0
2654,2018,Keishawn Bierria,4,74,230.0,4.79,30.5,21.0,117.0,7.26,0.0,1
1046,2013,Mike Edwards,4,69,189.0,4.56,36.0,14.0,124.0,6.94,4.18,1
1993,2016,Joey Bosa,4,77,269.0,4.86,32.0,24.0,120.0,6.89,4.21,1
935,2012,J.R. Sweezy,4,77,298.0,4.97,36.0,21.0,113.0,7.4,4.41,1
70,2010,Riley Cooper,4,75,222.0,4.53,33.0,0.0,114.0,0.0,0.0,1
3840,2021,Johnathon Johnson,4,0,0.0,0.0,0.0,0.0,0.0,0.0,0.0,0
2145,2006,Terna Nande,4,72,232.0,4.51,39.0,41.0,124.0,6.97,4.11,1
1930,2015,Jaquiski Tartt,4,73,221.0,4.53,0.0,0.0,124.0,0.0,0.0,1
3807,2021,Grant Hermanns,4,79,300.0,0.0,27.0,29.0,107.0,7.76,4.81,0
1448,2014,Carlos Hyde,4,72,230.0,4.62,34.5,19.0,114.0,0.0,0.0,1
3490,2020,Brian Lewerke,4,74,213.0,4.95,31.0,0.0,113.0,7.14,4.4,0
2263,2006,Mario Williams,4,79,295.0,4.7,40.5,35.0,120.0,7.19,4.36,1
707,2012,Audie Cole,4,76,246.0,4.76,35.0,15.0,114.0,6.96,4.29,1
1968,2006,Antoine Bethea,4,71,203.0,4.39,36.5,19.0,127.0,6.99,4.11,1
2494,2007,Sabby Piscitelli,4,75,224.0,4.47,34.5,19.0,122.0,6.84,3.9,1
2092,2016,Hunter Henry,4,77,250.0,4.79,0.0,13.0,0.0,0.0,0.0,1
3541,2020,Malcolm Perry,4,69,186.0,4.63,36.0,10.0,122.0,7.12,4.31,1
1551,2004,B.J. Symons,4,72,210.0,4.9,0.0,0.0,0.0,0.0,0.0,1
4551,2023,Will McDonald IV,4,76,239.0,0.0,36.0,0.0,132.0,0.0,0.0,0
39,2010,Bryan Bulaga,4,77,314.0,5.2,27.5,26.0,98.0,7.7,4.75,1
1375,2004,Michael Gaines,4,74,275.0,5.06,33.0,18.0,109.0,7.44,4.18,1
4523,2023,Jadon Haselwood,4,74,215.0,4.66,37.0,0.0,123.0,6.98,4.31,0
659,2002,Will Bartholomew,4,72,246.0,4.68,38.0,35.0,119.0,6.85,4.09,0
2356,2017,Amara Darboh,4,74,214.0,4.45,36.0,17.0,124.0,0.0,0.0,1
1667,2005,Jerome Carter,4,71,220.0,4.47,35.0,21.0,121.0,7.18,4.04,1
732,2012,Derek Dimke,4,71,178.0,5.02,0.0,0.0,0.0,0.0,0.0,0
4258,2022,D'Eriq King,4,69,196.0,0.0,0.0,0.0,0.0,0.0,0.0,0
3819,2021,James Hudson,4,76,313.0,5.27,28.5,22.0,98.0,8.05,4.79,1
898,2002,Josh Scobey,4,71,218.0,4.42,40.5,21.0,124.0,6.96,3.93,1
1987,2006,Dominique Byrd,4,75,255.0,4.79,0.0,0.0,0.0,0.0,0.0,1
1684,2015,Joe Cardona,4,74,242.0,4.91,33.0,30.0,0.0,0.0,0.0,1
2047,2006,Jason Hatcher,4,78,284.0,4.82,35.5,28.0,113.0,7.67,4.49,1
1061,2003,Mario Haggan,4,75,252.0,4.88,33.0,21.0,110.0,7.55,4.46,1
4257,2022,Derion Kendrick,4,72,194.0,0.0,0.0,0.0,0.0,0.0,0.0,1
1706,2005,Jon Dunn,4,79,328.0,5.4,0.0,0.0,0.0,0.0,0.0,0
854,2002,Larry Ned,4,71,219.0,4.62,34.5,15.0,120.0,7.12,0.0,1
3900,2021,Quinn Meinerz,4,74,320.0,4.99,32.0,0.0,111.0,7.54,4.58,1
3448,2020,Noah Igbinoghene,4,70,198.0,4.48,37.0,15.0,128.0,0.0,0.0,1
2223,2016,A'Shawn Robinson,4,76,307.0,5.2,26.0,22.0,106.0,7.8,4.74,1
2724,2018,Tre Flowers,4,75,200.0,4.45,34.5,18.0,122.0,0.0,0.0,1
2539,2017,Duke Riley,4,72,232.0,4.58,34.5,18.0,122.0,6.89,4.21,1
171,2000,Ben Kelly,4,69,183.0,4.53,36.0,17.0,116.0,6.63,3.95,1
331,2001,Jeff Backus,4,77,310.0,5.37,27.0,25.0,99.0,8.27,4.67,1
2572,2017,Freddie Stevenson,4,72,234.0,4.75,28.0,24.0,111.0,7.65,4.45,0
1978,2016,Eli Apple,4,73,199.0,4.4,0.0,13.0,0.0,0.0,0.0,1
483,2011,Colin Kaepernick,4,77,233.0,4.53,32.5,0.0,115.0,6.85,4.18,1
2887,2018,Greg Senat,4,78,302.0,5.38,26.0,19.0,106.0,7.41,4.71,1
3154,2009,Shawn Nelson,4,77,240.0,4.52,33.0,19.0,115.0,6.96,4.46,1
2085,2016,Deiondre Hall,4,74,199.0,4.68,37.0,0.0,127.0,7.07,4.06,0
1327,2004,Adrien Clarke,4,77,329.0,5.52,26.0,0.0,102.0,7.9,4.74,1
92,2010,Armanti Edwards,4,71,187.0,4.41,0.0,0.0,0.0,0.0,0.0,1
9,2000,Reggie Austin,4,69,175.0,4.44,35.0,17.0,119.0,7.03,4.14,1
877,2002,Clinton Portis,4,71,204.0,4.42,0.0,0.0,0.0,0.0,0.0,1
1530,2014,Morgan Moses,4,78,314.0,5.35,21.5,0.0,106.0,7.93,4.95,1
476,2001,Chad Johnson,4,73,192.0,4.57,33.0,0.0,108.0,7.51,4.14,1
4075,2021,Brady White,4,73,210.0,4.84,29.0,0.0,0.0,6.97,4.33,0
2897,2018,Durham Smythe,4,77,253.0,4.81,31.0,18.0,110.0,7.17,4.23,1
4152,2022,Snoop Conner,4,70,222.0,4.59,29.5,25.0,118.0,0.0,0.0,1
1611,2014,Khyri Thornton,4,75,304.0,5.03,29.0,28.0,112.0,7.83,4.76,1
1569,2014,Greg Robinson,4,77,332.0,4.92,28.5,32.0,113.0,7.8,4.86,1
497,2001,Alex Lincoln,4,72,251.0,4.77,35.0,22.0,111.0,0.0,0.0,1
1185,2013,Sio Moore,4,73,245.0,4.65,38.0,29.0,127.0,7.49,4.31,1
767,2012,James Hanna,4,76,252.0,4.43,36.0,24.0,122.0,6.76,4.11,1
1005,2013,Nick Becton,4,77,323.0,5.2,29.5,19.0,109.0,7.77,4.57,0
1629,2014,Chris Watt,4,75,310.0,5.5,0.0,29.0,0.0,0.0,0.0,1
1816,2005,Bryant McFadden,4,72,193.0,4.44,38.5,23.0,130.0,0.0,4.04,1
767,2002,Carlos Hall,4,76,259.0,4.67,40.0,20.0,129.0,6.97,4.19,1
2843,2008,Chilo Rachal,4,77,315.0,5.16,25.5,28.0,108.0,8.01,5.14,1
1907,2005,Chauncey Stovall,4,73,221.0,4.62,0.0,0.0,0.0,0.0,0.0,0
4175,2022,Dontario Drummond,4,73,215.0,4.65,34.0,0.0,122.0,0.0,0.0,0
1079,2013,Khaseem Greene,4,73,241.0,4.71,30.0,17.0,116.0,7.58,4.2,1
115,2000,Mike Green-01,4,72,189.0,4.53,38.5,0.0,118.0,0.0,4.2,0
766,2002,Joe Hall,4,74,271.0,4.97,28.0,22.0,107.0,0.0,0.0,0
1045,2003,Talman Gardner,4,73,205.0,4.44,34.5,0.0,116.0,7.54,4.43,1
1447,2004,Sean Locklear,4,76,308.0,5.16,29.0,27.0,100.0,7.85,4.56,1
829,2012,Ryan Lindley,4,76,229.0,4.86,29.5,0.0,108.0,7.52,4.45,1
1056,2003,Justin Griffith,4,71,232.0,4.59,32.0,29.0,113.0,7.73,4.68,1
1917,2005,Marviel Underwood,4,70,205.0,4.45,38.0,19.0,118.0,7.12,4.21,1
892,2002,Casey Roussel,4,73,219.0,5.2,0.0,0.0,0.0,0.0,0.0,0
1991,2006,Chris Chester,4,75,303.0,4.83,31.5,27.0,106.0,7.31,4.5,1
2869,2018,Demario Richard,4,69,218.0,4.7,29.5,12.0,115.0,0.0,0.0,0
1224,2003,Wade Smith,4,76,296.0,5.14,32.5,24.0,114.0,7.62,4.75,1
2457,2007,Justin Medlock,4,72,201.0,4.89,0.0,0.0,0.0,0.0,0.0,1
2239,2006,Cooper Wallace,4,76,261.0,4.78,29.0,21.0,105.0,7.29,4.21,0
3944,2021,JR Pace,4,73,205.0,4.72,35.5,12.0,120.0,6.94,4.24,0
605,2001,Clevan Thomas,4,69,189.0,4.64,36.0,0.0,118.0,7.42,4.24,0
3500,2020,Braden Mann,4,71,198.0,4.83,31.0,0.0,111.0,7.03,4.13,1
1924,2005,Paris Warren,4,72,219.0,4.71,31.5,0.0,0.0,0.0,0.0,1
1560,2014,Bryn Renner,4,75,228.0,4.87,25.5,0.0,108.0,7.22,4.3,0
1747,2015,B.J. Finney,4,76,318.0,5.25,24.0,20.0,99.0,0.0,4.76,0
3461,2020,Van Jefferson,4,73,200.0,0.0,0.0,0.0,0.0,0.0,0.0,1
3717,2021,Daniel Crawford,4,73,245.0,4.7,32.5,14.0,113.0,7.19,4.45,0
1771,2015,Dorial Green-Beckham,4,77,237.0,4.49,33.5,13.0,119.0,6.89,4.45,1
3851,2021,Kelvin Joseph,4,71,197.0,4.34,35.0,0.0,128.0,7.21,4.22,1
635,2011,Muhammad Wilkerson,4,76,315.0,4.96,26.0,27.0,106.0,7.31,4.59,1
823,2012,Luke Kuechly,4,75,242.0,4.58,38.0,27.0,123.0,6.92,4.12,1
3473,2020,Tony Jones,4,70,220.0,4.68,32.5,13.0,119.0,7.18,4.21,0
1975,2016,Jack Allen,4,73,294.0,5.29,26.5,23.0,101.0,7.9,4.73,0
1833,2005,Kirk Morrison,4,73,235.0,4.75,0.0,25.0,0.0,0.0,4.31,1
2884,2008,Reggie Smith,4,72,199.0,4.61,0.0,13.0,0.0,0.0,0.0,1
269,2000,Jamel Smith,4,72,245.0,5.18,29.5,0.0,108.0,7.51,4.58,0
1547,2004,Larry Stevens,4,74,241.0,4.86,0.0,0.0,0.0,0.0,0.0,0
4388,2022,Rasheed Walker,4,78,313.0,0.0,0.0,0.0,0.0,0.0,0.0,1
2423,2017,Will Holden,4,79,311.0,5.47,28.0,23.0,111.0,7.71,4.72,1
1656,2015,Cameron Artis-Payne,4,70,212.0,4.53,36.5,0.0,118.0,7.13,0.0,1
591,2011,Sealver Siliga,4,74,305.0,5.38,29.0,29.0,100.0,7.7,4.75,0
2588,2017,Tedric Thompson,4,72,204.0,4.6,32.5,17.0,117.0,7.11,4.36,1
1687,2005,Roger Cooper,4,74,239.0,4.75,35.5,19.0,118.0,7.28,4.33,0
469,2011,Jaiquawn Jarrett,4,72,198.0,4.62,30.0,14.0,113.0,6.95,4.14,1
3686,2021,Eric Burrell,4,71,197.0,4.73,35.5,8.0,124.0,7.21,4.26,0
3003,2009,James Davis,4,71,218.0,4.45,32.0,17.0,109.0,7.15,4.37,1
3620,2020,Darryl Williams,4,74,304.0,5.23,25.5,23.0,102.0,7.88,4.76,0
92,2000,Aaron Fields,4,76,243.0,4.76,34.0,22.0,115.0,7.51,4.56,0
411,2001,Robert Ferguson,4,73,205.0,4.48,36.5,0.0,120.0,7.24,4.07,1
4082,2021,Avery Williams,4,68,187.0,4.43,33.5,19.0,121.0,6.88,4.0,1
3044,2019,Tyrel Dodson,4,72,237.0,4.6,0.0,24.0,118.0,0.0,0.0,0
2257,2006,Brandon Williams-01,4,69,179.0,4.48,34.5,0.0,115.0,6.87,4.07,1
1680,2015,Michael Burton,4,71,242.0,4.65,33.0,25.0,115.0,7.2,4.34,1
4719,2023,Parker Washington,4,70,204.0,0.0,0.0,16.0,0.0,0.0,0.0,1
1404,2014,Cameron Fleming,4,77,323.0,5.28,23.5,26.0,97.0,8.24,5.0,1
2247,2016,Terrance Smith,4,75,235.0,4.77,34.5,19.0,120.0,0.0,0.0,0
2019,2006,Jahri Evans,4,76,316.0,5.25,27.0,20.0,95.0,7.97,4.8,1
103,2010,Brandon Ghee,4,72,192.0,4.37,37.0,15.0,127.0,6.75,4.07,1
2778,2008,Malcolm Kelly,4,76,224.0,4.68,0.0,0.0,0.0,0.0,0.0,1
777,2012,Dan Herron,4,70,213.0,4.57,35.0,22.0,117.0,6.97,4.04,1
633,2001,Marcus Williams-01,4,77,230.0,4.56,41.0,0.0,130.0,7.37,4.2,0
1322,2014,Anthony Barr,4,77,255.0,4.66,34.5,15.0,119.0,6.82,4.19,1
3398,2020,Leki Fotu,4,77,330.0,5.15,0.0,21.0,0.0,0.0,0.0,1
3806,2021,Khalil Herbert,4,68,210.0,4.46,33.0,22.0,115.0,6.96,4.31,1
3050,2009,Nic Harris,4,74,234.0,4.83,31.5,15.0,109.0,7.05,4.37,1
4605,2023,DeWayne McBride,4,70,209.0,0.0,0.0,0.0,0.0,0.0,0.0,0
1938,2015,Louis Trinca-Pasat,4,73,290.0,4.96,32.0,0.0,105.0,7.4,4.3,0
2734,2018,Mike Gesicki,4,77,247.0,4.54,41.5,22.0,129.0,6.76,4.1,1
2403,2007,Jason Hill,4,72,204.0,4.32,37.0,0.0,123.0,7.02,4.22,1
2254,2006,Donte Whitner,4,70,204.0,4.4,40.0,18.0,132.0,0.0,0.0,1
3353,2020,Rodney Clemons,4,72,209.0,4.71,33.5,21.0,118.0,0.0,0.0,0
201,2010,Roddrick Muckelroy,4,74,246.0,4.68,31.0,19.0,110.0,7.25,4.39,1
2801,2008,Chris McDuffie,4,76,330.0,5.3,0.0,29.0,0.0,0.0,0.0,0
2286,2007,Jamaal Anderson,4,77,288.0,4.75,0.0,0.0,0.0,0.0,0.0,1
2749,2008,Louis Holmes,4,76,263.0,4.84,32.5,0.0,121.0,7.33,0.0,0
1516,2014,A.J. McCarron,4,75,220.0,4.94,28.0,0.0,99.0,7.18,4.34,1
2358,2017,Corey Davis,4,75,209.0,0.0,0.0,0.0,0.0,0.0,0.0,1
1108,2013,Stefphon Jefferson,4,70,213.0,4.68,31.0,15.0,117.0,6.97,4.44,0
1186,2003,Andrew Pinnock,4,70,265.0,4.62,0.0,22.0,0.0,0.0,0.0,1
2905,2018,Josh Sweat,4,76,251.0,4.53,39.5,0.0,124.0,0.0,4.28,1
955,2012,Trevin Wade,4,70,192.0,4.52,34.5,18.0,116.0,6.87,4.0,1
3222,2009,Mike Thomas,4,68,195.0,4.3,40.5,0.0,126.0,6.65,4.28,1
1014,2013,Josh Boyd,4,75,310.0,5.14,26.5,32.0,104.0,7.16,4.64,1
4395,2022,Sam Webb,4,73,202.0,4.48,0.0,14.0,0.0,0.0,0.0,0
2639,2018,Marcell Ateman,4,76,216.0,4.62,34.0,13.0,121.0,7.07,4.25,1
647,2011,Ryan Winterswyk,4,76,268.0,4.96,30.0,18.0,111.0,7.01,4.37,0
3951,2021,Josh Pederson,4,76,234.0,4.81,28.5,19.0,110.0,7.31,4.43,0
2153,2006,Ryan O'Callaghan,4,79,344.0,5.39,25.0,21.0,92.0,0.0,0.0,1
628,2011,Danny Watkins,4,75,310.0,5.36,26.0,29.0,92.0,7.61,4.62,1
572,2011,Kevin Rutland,4,72,190.0,4.58,35.5,12.0,118.0,6.92,4.15,0
210,2000,Frank Moreau,4,73,231.0,4.57,36.0,23.0,117.0,0.0,0.0,1
2369,2007,Nick Folk,4,73,225.0,4.95,0.0,0.0,0.0,0.0,0.0,1
513,2011,Cliff Matthews,4,75,257.0,4.81,32.0,17.0,112.0,7.21,4.37,1
4662,2023,Jaquelin Roy,4,75,305.0,0.0,0.0,30.0,0.0,8.01,5.0,1
751,2002,Paris Gaines,4,72,228.0,4.67,0.0,14.0,0.0,0.0,0.0,0
4573,2023,Viliami Fehoko Jr.,4,76,276.0,0.0,0.0,24.0,0.0,0.0,0.0,0
864,2002,Melvin Paige,4,77,314.0,5.34,23.5,30.0,0.0,0.0,0.0,0
4565,2023,Dawand Jones,4,80,374.0,5.35,0.0,0.0,0.0,0.0,0.0,1
163,2000,Fred Jones,4,74,247.0,4.95,32.0,17.0,113.0,7.27,4.39,0
2717,2018,Rashard Fant,4,70,175.0,0.0,0.0,0.0,0.0,0.0,0.0,0
290,2010,Stephan Virgil,4,71,183.0,4.69,34.0,12.0,113.0,7.11,4.35,0
365,2011,Stephen Burton,4,73,221.0,4.5,34.5,19.0,117.0,7.04,4.31,1
1248,2003,Demetrin Veal,4,74,288.0,5.24,0.0,26.0,111.0,0.0,0.0,1
1654,2005,Elton Brown,4,77,329.0,4.93,0.0,0.0,0.0,0.0,0.0,1
1795,2015,Jeff Heuerman,4,77,254.0,4.81,0.0,26.0,0.0,0.0,0.0,1
4629,2023,Lukas Van Ness,4,77,272.0,4.58,31.0,17.0,118.0,7.02,4.32,0
3440,2020,Trevon Hill,4,75,248.0,4.89,28.0,0.0,113.0,0.0,0.0,0
517,2001,Romaro Miller,4,72,205.0,4.61,35.0,0.0,110.0,7.4,4.51,0
3927,2021,Jamie Newman,4,74,234.0,0.0,0.0,0.0,0.0,0.0,0.0,0
2200,2006,D.J. Shockley,4,73,214.0,4.56,37.5,0.0,121.0,7.07,4.17,1
1253,2013,Devin Taylor,4,79,266.0,4.72,35.0,14.0,128.0,6.89,4.3,1
654,2002,Jason Ball,4,74,301.0,5.41,29.0,27.0,94.0,7.87,4.73,0
2183,2006,Freddie Roach,4,74,257.0,4.93,34.0,0.0,111.0,7.49,4.42,0
512,2001,Jeff McCurley,4,76,280.0,5.25,0.0,0.0,0.0,0.0,0.0,0
2972,2009,Jairus Byrd,4,70,207.0,4.68,0.0,0.0,0.0,0.0,0.0,1
2974,2009,Gerald Cadogan,4,77,309.0,4.99,25.0,26.0,95.0,8.05,4.8,0
2574,2017,Channing Stribling,4,73,188.0,4.6,31.5,5.0,114.0,6.94,4.56,0
1360,2004,Adimchinobi Echemandu,4,71,226.0,4.58,0.0,15.0,0.0,0.0,0.0,1
893,2012,Shawn Powell,4,76,248.0,5.06,0.0,0.0,0.0,0.0,0.0,0
89,2010,Jonathan Dwyer,4,71,229.0,4.64,33.0,15.0,107.0,7.56,4.67,1
2828,2018,Kolton Miller,4,81,309.0,4.95,31.5,24.0,121.0,7.34,4.49,1
3106,2009,Phil Loadholt,4,80,332.0,5.45,29.0,24.0,95.0,8.18,5.06,1
1123,2003,Rien Long,4,78,302.0,5.1,0.0,0.0,105.0,0.0,0.0,1
4637,2023,DeMarvion Overshown,4,75,229.0,4.56,0.0,15.0,124.0,0.0,0.0,1
2080,2006,Adam Jennings,4,69,181.0,4.44,37.5,0.0,118.0,6.88,4.12,1
1810,2015,Grady Jarrett,4,73,304.0,5.06,31.0,30.0,112.0,7.37,4.56,1
4513,2023,Jalen Graham,4,74,220.0,4.64,30.5,0.0,112.0,0.0,0.0,1
906,2002,Kendall Simmons,4,75,311.0,5.3,28.5,24.0,98.0,7.84,4.71,1
3085,2019,Will Grier,4,74,217.0,4.84,34.0,0.0,112.0,7.09,4.28,1
1342,2014,Teddy Bridgewater,4,74,214.0,0.0,30.0,0.0,113.0,7.17,4.2,1
2326,2007,Prescott Burgess,4,75,240.0,4.82,32.5,19.0,106.0,7.01,4.31,1
3572,2020,Arryn Siposs,4,74,213.0,5.09,0.0,0.0,0.0,0.0,0.0,0
1086,2003,Teyo Johnson,4,77,247.0,4.61,33.5,0.0,0.0,0.0,0.0,1
1989,2006,Bobby Carpenter,4,74,256.0,4.65,0.0,0.0,0.0,0.0,0.0,1
3224,2009,Fenuki Tupou,4,77,314.0,5.2,25.5,24.0,94.0,8.33,5.02,1
868,2002,Cameron Peterka,4,75,190.0,0.0,0.0,0.0,0.0,0.0,0.0,0
2959,2009,Jared Bronson,4,76,253.0,4.7,32.5,0.0,116.0,7.15,4.33,0
2986,2019,Ryan Bates,4,76,306.0,5.09,27.0,28.0,102.0,7.45,4.53,0
2446,2017,Josh Jones,4,73,220.0,4.41,37.5,20.0,132.0,0.0,0.0,1
235,2000,Hank Poteat,4,70,197.0,4.57,37.0,16.0,126.0,6.66,4.0,1
1313,2014,Mo Alexander,4,73,220.0,4.5,38.0,0.0,123.0,7.05,4.51,1
1941,2005,Troy Williamson,4,73,203.0,4.32,0.0,0.0,0.0,6.99,0.0,1
2016,2016,Maurice Canady,4,73,193.0,4.49,38.0,16.0,124.0,7.03,4.09,1
1193,2003,Terrell Roberts,4,69,203.0,4.63,34.0,18.0,117.0,7.12,4.26,0
773,2012,Josh Harris,4,73,252.0,4.82,0.0,15.0,0.0,0.0,0.0,0
392,2011,Andy Dalton,4,74,215.0,4.83,29.5,0.0,106.0,6.93,4.27,1
651,2002,Mark Anelli,4,76,262.0,4.8,0.0,18.0,0.0,0.0,0.0,1
750,2012,Terrance Ganaway,4,71,239.0,4.61,37.5,0.0,119.0,7.15,4.25,1
2691,2008,King Dunlap,4,80,310.0,5.28,0.0,21.0,0.0,0.0,0.0,1
740,2002,Delvon Flowers,4,71,200.0,4.67,35.5,15.0,117.0,0.0,0.0,0
4305,2022,Cade Otton,4,77,247.0,0.0,0.0,0.0,0.0,0.0,0.0,1
1959,2015,Julian Wilson,4,74,205.0,4.58,36.0,0.0,125.0,6.94,4.22,0
1151,2013,John Lotulelei,4,71,233.0,4.84,35.5,25.0,117.0,6.91,4.3,0
1533,2004,Daryl Smith,4,74,234.0,4.67,0.0,24.0,0.0,0.0,0.0,1
4160,2022,Dustin Crum,4,73,210.0,4.75,32.5,0.0,120.0,0.0,4.36,0
116,2000,Mike Green-02,4,72,253.0,4.78,28.5,25.0,108.0,7.08,4.34,1
1420,2004,Julius Jones,4,70,217.0,4.47,37.5,0.0,121.0,6.97,4.12,1
3816,2021,Phil Hoskins,4,76,313.0,5.23,30.5,20.0,103.0,7.87,4.85,0
4482,2023,Braeden Daniels,4,76,294.0,4.99,30.5,0.0,109.0,7.53,4.6,0
2501,2017,Obi Melifonwu,4,76,224.0,4.4,44.0,17.0,141.0,0.0,0.0,1
1155,2013,Lamar Mady,4,74,317.0,5.48,23.0,35.0,95.0,8.07,4.82,0
675,2012,Jake Bequette,4,77,274.0,4.75,34.0,0.0,113.0,6.9,4.07,1
2063,2016,Travis Feeney,4,76,230.0,4.5,40.0,0.0,130.0,7.2,4.42,1
2619,2017,Howard Wilson,4,73,184.0,4.57,33.5,0.0,119.0,6.68,3.94,1
2873,2018,Korey Robertson,4,73,212.0,4.56,34.0,13.0,123.0,0.0,0.0,0
3748,2021,Milo Eifler,4,74,228.0,4.58,37.5,14.0,126.0,7.15,4.35,0
360,2011,Curtis Brown,4,72,185.0,4.51,39.5,10.0,128.0,6.59,4.0,1
1828,2005,Ryan Moats,4,68,210.0,4.46,36.0,19.0,117.0,7.22,4.1,1
2333,2007,Matt Clark,4,72,181.0,0.0,0.0,0.0,0.0,0.0,0.0,0
1196,2013,Sean Porter,4,73,229.0,4.75,35.0,22.0,119.0,0.0,0.0,1
2347,2017,Tarik Cohen,4,66,179.0,4.42,31.5,11.0,118.0,0.0,0.0,1
2854,2008,David Roach,4,72,210.0,4.53,38.0,16.0,123.0,6.88,4.15,0
4370,2022,Cameron Thomas,4,76,267.0,0.0,0.0,24.0,0.0,0.0,0.0,1
3671,2021,Gary Brightwell,4,70,218.0,4.62,34.5,17.0,118.0,7.51,4.48,1
4441,2023,Micah Baskerville,4,73,221.0,0.0,31.0,0.0,115.0,0.0,0.0,0
4625,2023,Myles Murphy,4,77,268.0,0.0,0.0,25.0,0.0,0.0,0.0,1
152,2010,Sergio Kindle,4,75,250.0,4.65,36.5,25.0,118.0,7.26,4.53,1
1502,2014,Jordan Lynch,4,72,217.0,4.76,29.5,0.0,109.0,6.55,4.2,0
414,2011,Reid Forrest,4,72,189.0,4.69,0.0,0.0,0.0,0.0,0.0,0
1381,2014,Brandon Dixon,4,71,203.0,4.41,32.5,17.0,117.0,7.15,4.27,1
4540,2023,Jalin Hyatt,4,72,176.0,4.4,40.0,0.0,135.0,0.0,0.0,1
232,2000,Ahmed Plummer,4,71,191.0,4.43,0.0,0.0,0.0,0.0,0.0,1
373,2001,Andre Carter,4,76,249.0,4.84,38.5,20.0,132.0,0.0,4.24,1
4380,2022,Tré Turner,4,73,184.0,4.51,27.0,0.0,113.0,7.45,4.53,0
1881,2015,Jordan Phillips,4,77,329.0,5.17,30.0,28.0,105.0,7.88,4.68,1
1473,2014,Lamarcus Joyner,4,68,184.0,4.55,37.5,14.0,124.0,7.26,4.4,1
3994,2021,William Sherman,4,75,304.0,5.19,26.0,23.0,108.0,7.71,4.82,1
4467,2023,Jason Brownlee,4,74,198.0,4.59,39.5,16.0,131.0,0.0,0.0,0
2215,2016,Jalen Ramsey,4,73,209.0,4.41,41.5,14.0,135.0,6.94,4.18,1
140,2000,Ethan Howell,4,71,186.0,4.56,0.0,16.0,0.0,6.98,4.13,0
2178,2016,Malcolm Mitchell,4,72,198.0,4.45,36.0,15.0,129.0,6.94,4.34,1
1857,2005,Antonio Perkins,4,71,190.0,4.49,40.0,10.0,126.0,7.17,4.07,1
391,2011,Chris Culliver,4,72,199.0,4.36,38.5,0.0,123.0,6.88,4.08,1
3025,2009,Ramon Foster,4,77,328.0,5.57,26.0,20.0,92.0,7.96,4.98,0
1592,2004,Demorrio Williams,4,73,232.0,4.52,37.0,16.0,125.0,7.02,4.11,1
3335,2020,Hunter Bryant,4,74,248.0,4.74,32.5,23.0,115.0,7.08,4.46,0
4203,2022,Jeremiah Gemmel,4,73,226.0,0.0,0.0,0.0,0.0,0.0,0.0,0
653,2002,Chris Baker-01,4,75,258.0,4.81,35.0,18.0,112.0,6.95,0.0,1
1873,2015,DeVante Parker,4,75,209.0,4.45,36.5,17.0,125.0,0.0,0.0,1
1693,2005,Tony Curtis,4,77,269.0,4.93,0.0,21.0,115.0,0.0,0.0,0
402,2011,Ryan Donahue,4,74,193.0,4.9,0.0,0.0,0.0,0.0,0.0,0
2576,2017,Ryan Switzer,4,68,181.0,4.51,32.0,11.0,116.0,6.77,4.0,1
1199,2003,Dustin Rykert,4,78,327.0,5.42,26.5,21.0,92.0,8.2,4.87,0
3571,2020,John Simpson,4,76,321.0,5.24,30.0,34.0,107.0,8.03,4.87,1
982,2003,Josh Blankenship,4,74,211.0,5.16,28.5,0.0,103.0,7.59,4.42,0
4147,2022,Lewis Cine,4,74,199.0,4.37,36.5,0.0,133.0,0.0,0.0,1
1747,2005,Gino Guidugli,4,76,229.0,5.0,29.0,0.0,103.0,7.41,4.52,0
1051,2013,Gavin Escobar,4,78,254.0,4.84,32.0,0.0,114.0,7.07,4.31,1
3182,2009,Richard Quinn,4,76,264.0,4.88,32.5,24.0,119.0,7.5,4.62,1
3917,2021,Quintin Morris,4,74,243.0,4.6,34.0,22.0,119.0,7.12,4.55,0
1150,2003,Bryant McNeal,4,76,248.0,4.88,34.5,22.0,117.0,0.0,0.0,1
4346,2022,Nephi Sewell,4,72,226.0,4.67,32.0,0.0,120.0,7.01,4.33,0
4269,2022,Drake London,4,76,219.0,0.0,0.0,0.0,0.0,0.0,0.0,1
4692,2023,Leonard Taylor,4,77,250.0,0.0,0.0,0.0,0.0,0.0,0.0,0
2779,2008,Dennis Keyes,4,73,205.0,4.59,30.5,15.0,112.0,7.25,4.41,0
3004,2019,Marquise Brown,4,69,166.0,0.0,0.0,0.0,0.0,0.0,0.0,1
1118,2003,Byron Leftwich,4,77,241.0,4.85,0.0,0.0,0.0,0.0,0.0,1
3785,2021,Garrett Groshek,4,71,217.0,4.64,33.5,17.0,115.0,7.08,4.32,0
3224,2019,Darnell Savage,4,71,198.0,4.36,39.5,11.0,126.0,7.03,4.14,1
4644,2023,A.T. Perry,4,76,198.0,4.47,35.0,0.0,133.0,0.0,0.0,1
4355,2022,Isaiah Spiller,4,72,217.0,0.0,30.0,0.0,114.0,0.0,0.0,1
2095,2016,Tyler Higbee,4,78,249.0,4.77,0.0,0.0,0.0,0.0,0.0,1
171,2010,Darius Marshall,4,69,190.0,4.59,35.5,14.0,109.0,0.0,4.39,0
283,2010,Adrian Tracy,4,75,248.0,4.76,35.5,20.0,110.0,7.08,4.34,1
3109,2009,Alex Mack,4,76,311.0,5.17,0.0,0.0,0.0,0.0,0.0,1
2205,2016,Charone Peake,4,74,209.0,4.45,35.5,12.0,122.0,6.96,4.46,1
3136,2009,Mike Mickens,4,71,184.0,4.53,0.0,0.0,0.0,0.0,0.0,1
2332,2007,Scott Chandler,4,79,270.0,4.78,30.0,16.0,111.0,7.26,4.32,1
3855,2021,Kary Vincent Jr.,4,69,185.0,4.36,35.5,8.0,117.0,0.0,0.0,1
2302,2017,Brian Allen,4,75,215.0,4.48,34.5,15.0,117.0,6.64,4.34,1
2919,2008,Chris Williams,4,78,315.0,5.13,25.0,21.0,103.0,7.95,4.85,1
958,2002,Adam Wulfeck,4,72,228.0,4.83,0.0,0.0,0.0,0.0,0.0,0
2297,2016,Anthony Zettel,4,76,277.0,4.81,30.5,28.0,109.0,7.63,4.39,1
1060,2013,Reid Fragel,4,80,308.0,5.14,30.0,33.0,113.0,7.62,4.68,1
441,2011,Stanley Havili,4,72,227.0,4.64,0.0,0.0,0.0,0.0,0.0,1
1955,2015,Maxx Williams,4,76,249.0,4.78,34.5,17.0,117.0,7.3,4.37,1
3122,2009,Rey Maualuga,4,74,249.0,4.58,0.0,23.0,107.0,0.0,0.0,1
429,2001,Javon Green,4,73,211.0,4.73,35.5,0.0,113.0,7.41,4.34,0
491,2011,Karl Klug,4,75,275.0,4.85,0.0,22.0,0.0,0.0,0.0,1
4538,2023,Evan Hull,4,70,209.0,4.47,37.0,0.0,123.0,6.9,4.38,0
2226,2016,Alonzo Russell,4,76,206.0,4.54,29.5,12.0,112.0,7.18,4.33,0
2324,2017,Caleb Brantley,4,75,307.0,5.14,27.0,21.0,105.0,7.66,4.62,1
1494,2004,Chad Pugh,4,75,321.0,5.38,25.0,19.0,98.0,8.17,4.85,0
1979,2006,Darrell Brooks,4,72,198.0,4.61,36.5,7.0,125.0,6.97,4.36,0
2592,2007,Abraham Wright,4,74,242.0,4.9,31.0,24.0,111.0,7.2,4.46,1
2467,2017,Ashton Lampkin,4,72,189.0,4.52,34.5,19.0,120.0,0.0,0.0,0
1019,2003,David Diehl,4,78,310.0,5.26,28.0,22.0,96.0,8.1,4.97,1
77,2010,Brandon Deaderick,4,76,314.0,5.08,0.0,0.0,0.0,0.0,0.0,1
901,2012,Rueben Randle,4,75,210.0,4.55,31.0,15.0,121.0,6.99,4.36,1
2079,2006,Greg Jennings,4,71,197.0,4.42,36.5,0.0,117.0,6.68,4.16,1
2609,2008,Adrian Arrington,4,75,203.0,4.55,0.0,0.0,0.0,0.0,0.0,1
4167,2022,Dawson Deaton,4,78,306.0,5.12,29.0,24.0,108.0,7.52,4.49,1
3049,2019,Chuma Edoga,4,75,308.0,5.19,0.0,21.0,0.0,0.0,0.0,1
3484,2020,Javon Kinlaw,4,77,324.0,0.0,0.0,0.0,0.0,0.0,0.0,1
2046,2016,Kenneth Dixon,4,70,215.0,4.56,37.5,18.0,121.0,6.97,4.28,1
2948,2018,Darrel Williams,4,72,225.0,4.72,32.0,22.0,109.0,0.0,4.21,0
2098,2006,Manny Lawson,4,77,241.0,4.43,39.5,23.0,124.0,6.9,4.18,1
1624,2005,Adrian Awasom,4,76,279.0,4.93,32.5,23.0,107.0,7.57,4.4,0
3214,2019,Riley Ridley,4,73,199.0,4.58,30.5,13.0,124.0,7.22,4.28,1
4216,2022,Logan Hall,4,78,283.0,4.88,30.0,0.0,0.0,7.25,4.44,1
801,2012,Janoris Jenkins,4,70,193.0,4.41,33.5,0.0,121.0,6.95,4.13,1
2217,2006,Adam Stenavich,4,76,310.0,5.6,0.0,24.0,0.0,0.0,0.0,0
3847,2021,Naquan Jones,4,75,313.0,5.42,25.0,20.0,100.0,0.0,4.9,0
277,2010,Kevin Thomas,4,72,192.0,4.41,34.5,19.0,126.0,6.82,4.18,1
209,2000,Corey Moore,4,71,223.0,4.6,0.0,21.0,0.0,0.0,0.0,1
350,2011,Ahmad Black,4,69,184.0,4.7,35.5,18.0,119.0,6.85,4.2,1
1958,2006,Willie Andrews,4,69,193.0,4.43,36.5,7.0,124.0,6.99,4.27,1
2149,2006,Haloti Ngata,4,76,338.0,5.13,31.5,37.0,110.0,7.95,4.65,1
3837,2021,Jerome Johnson,4,74,296.0,5.12,27.5,21.0,113.0,7.7,4.66,0
2538,2007,Ryan Smith-01,4,70,174.0,4.51,0.0,11.0,0.0,0.0,0.0,1
2741,2008,Erin Henderson,4,75,244.0,4.73,31.0,23.0,113.0,7.16,4.5,0
4587,2023,Adam Korsak,4,73,187.0,0.0,0.0,0.0,0.0,0.0,0.0,0
1795,2005,Adam Kieft,4,79,337.0,5.52,33.0,28.0,110.0,7.78,4.76,0
3954,2021,Jaelan Phillips,4,77,260.0,4.56,36.0,21.0,125.0,0.0,0.0,1
2562,2007,Zac Taylor,4,74,216.0,5.06,30.5,0.0,110.0,7.39,4.6,0
871,2012,Josh Norman,4,72,197.0,4.61,33.0,14.0,124.0,7.09,4.23,1
102,2000,Mondriel Fulcher,4,75,253.0,4.85,27.0,18.0,116.0,7.46,4.52,1
763,2012,Trevor Guyton,4,75,285.0,5.01,31.0,0.0,105.0,7.45,4.53,1
2863,2008,Lorne Sam,4,74,220.0,4.59,33.0,23.0,122.0,7.11,4.35,0
1859,2015,Mitch Morse,4,77,305.0,5.14,31.0,36.0,112.0,7.6,4.5,1
2528,2007,Ken Shackleford,4,77,322.0,5.3,24.5,28.0,102.0,8.35,5.05,0
4458,2023,Bryan Bresee,4,78,298.0,4.86,29.0,22.0,0.0,0.0,0.0,1
4582,2023,Calijah Kancey,4,73,281.0,4.67,0.0,0.0,0.0,0.0,0.0,1
1997,2016,Ben Braunecker,4,75,250.0,4.73,35.5,20.0,121.0,6.9,4.2,0
42,2000,Cooper Carlisle,4,77,297.0,5.16,31.0,28.0,100.0,7.82,4.48,1
2339,2007,Joe Cohen,4,74,313.0,5.1,26.0,34.0,0.0,0.0,0.0,1
2113,2006,Danieal Manning,4,71,202.0,4.48,39.0,17.0,123.0,7.23,4.07,1
918,2002,Jerramy Stevens,4,79,265.0,4.77,0.0,0.0,0.0,0.0,0.0,1
4489,2023,Josh Downs,4,69,171.0,4.48,38.5,0.0,131.0,0.0,0.0,1
2655,2018,Quin Blanding,4,74,215.0,4.63,31.5,0.0,122.0,0.0,0.0,0
3192,2019,Ed Oliver,4,74,287.0,0.0,36.0,32.0,120.0,0.0,0.0,1
3214,2009,Stryker Sulak,4,76,251.0,4.63,31.0,22.0,113.0,7.31,4.58,1
355,2011,Allen Bradford,4,71,242.0,4.53,29.0,28.0,113.0,6.97,4.39,1
4658,2023,Brad Robbins,4,73,199.0,0.0,0.0,0.0,0.0,0.0,0.0,0
2641,2018,Anthony Averett,4,72,185.0,4.36,31.5,13.0,119.0,6.93,4.4,1
3518,2020,Kyle Murphy,4,75,316.0,5.3,28.0,19.0,104.0,7.81,4.68,0
585,2001,Steve Smith-01,4,69,184.0,4.41,38.5,0.0,121.0,7.44,4.25,1
2887,2008,Matt Spanos,4,77,317.0,5.47,22.5,0.0,104.0,7.9,4.92,0
450,2001,Renaldo Hill,4,71,178.0,4.68,35.5,10.0,116.0,7.07,4.18,1
2037,2006,Tamba Hali,4,75,275.0,4.87,0.0,0.0,0.0,0.0,0.0,1
419,2001,Setema Gali,4,76,251.0,4.88,0.0,0.0,0.0,0.0,0.0,0
1306,2013,Cierre Wood,4,71,213.0,4.56,37.5,16.0,124.0,0.0,0.0,0
672,2002,Deion Branch,4,69,191.0,4.47,36.0,0.0,117.0,6.71,3.78,1
1485,2004,Jason Peters,4,76,336.0,4.93,29.0,21.0,115.0,7.7,4.75,0
4720,2023,Jalen Wayne,4,74,210.0,4.51,34.5,0.0,124.0,0.0,0.0,0
2799,2018,Micah Kiser,4,74,238.0,4.66,35.5,0.0,121.0,7.05,4.24,1
1679,2005,Nick Collins,4,71,206.0,4.36,40.0,11.0,118.0,6.94,4.16,1
3232,2009,Chip Vaughn,4,73,221.0,4.42,37.0,21.0,125.0,7.03,4.12,1
3477,2020,Antoine Winfield Jr.,4,69,203.0,4.45,36.0,0.0,124.0,0.0,0.0,1
3614,2020,Quez Watkins,4,72,185.0,4.35,36.5,0.0,125.0,7.28,4.36,1
1323,2014,Lamin Barrow,4,73,237.0,4.64,35.0,22.0,123.0,7.24,4.35,1
448,2001,Anthony Herron,4,75,280.0,5.16,36.0,26.0,114.0,7.58,4.43,0
4381,2022,Delarrin Turner-Yell,4,70,197.0,4.47,0.0,0.0,122.0,0.0,0.0,1
193,2010,Brandon Minor,4,72,214.0,4.59,0.0,0.0,0.0,0.0,0.0,0
2802,2018,Jordan Lasley,4,73,203.0,4.5,34.5,8.0,112.0,0.0,4.19,1
452,2001,Sedrick Hodge,4,76,244.0,4.49,32.0,21.0,120.0,0.0,4.09,1
756,2012,Najee Goode,4,72,244.0,4.55,35.5,0.0,117.0,0.0,0.0,1
809,2012,Ben Jones,4,75,303.0,5.35,30.5,29.0,105.0,7.95,4.74,1
3750,2021,Dorian Etheridge,4,73,233.0,4.87,35.0,0.0,121.0,7.25,4.47,0
1922,2005,Andrew Walter,4,78,233.0,4.86,0.0,0.0,0.0,0.0,0.0,1
1231,2003,Dan Stricker,4,74,203.0,4.68,39.0,0.0,122.0,6.91,4.16,0
2957,2018,Isaiah Wynn,4,75,313.0,0.0,0.0,0.0,0.0,0.0,0.0,1
1774,2015,Geneo Grissom,4,75,262.0,4.81,37.0,20.0,117.0,7.24,4.38,1
2763,2018,Mike Hughes,4,71,191.0,4.53,35.5,20.0,127.0,6.7,4.13,1
2541,2017,Michael Roberts,4,76,270.0,4.86,30.0,0.0,110.0,7.05,4.51,1
114,2000,Brian Gray,4,73,214.0,4.94,33.5,19.0,116.0,7.38,4.24,0
2637,2008,Tyvon Branch,4,71,204.0,4.31,34.0,19.0,120.0,0.0,4.4,1
4447,2023,Stetson Bennett,4,71,192.0,4.67,33.5,0.0,118.0,0.0,4.2,1
1078,2003,Aaron Hunt,4,74,267.0,4.86,30.0,24.0,106.0,7.68,4.52,1
3856,2021,Hunter Kampmoyer,4,76,243.0,4.83,31.0,21.0,113.0,7.28,4.54,0
4281,2022,Zakoby McClain,4,71,228.0,4.69,33.0,0.0,117.0,0.0,0.0,0
2288,2007,Cory Anderson,4,74,247.0,4.7,37.0,19.0,115.0,7.37,4.35,0
1426,2004,Nate Kaeding,4,72,187.0,4.95,0.0,0.0,0.0,0.0,0.0,1
353,2011,Matt Bosher,4,73,208.0,4.78,0.0,8.0,0.0,0.0,0.0,1
3877,2021,Jeremiah Littles,4,72,278.0,5.15,26.0,17.0,98.0,7.9,4.87,0
2455,2017,Brad Kaaya,4,76,214.0,0.0,0.0,0.0,0.0,0.0,0.0,1
435,2001,Corey Hall,4,75,198.0,4.5,36.5,14.0,127.0,0.0,0.0,1
395,2011,Josh Davis,4,79,313.0,5.5,24.0,0.0,91.0,7.98,5.07,0
1206,2003,Gerome Sapp,4,72,216.0,4.64,36.5,0.0,112.0,7.13,4.3,1
2840,2008,Carlton Powell,4,74,292.0,5.1,22.5,23.0,108.0,7.78,4.87,1
1468,2004,John Navarre,4,78,246.0,5.19,26.5,0.0,100.0,7.73,4.46,1
2241,2016,Leshaun Sims,4,72,203.0,4.53,37.0,11.0,120.0,7.08,4.19,1
4468,2023,Arquon Bush,4,72,187.0,4.54,33.5,0.0,115.0,0.0,0.0,0
605,2011,Ricky Stanzi,4,76,223.0,4.87,32.5,0.0,110.0,6.95,4.43,1
1941,2015,Tyler Varga,4,71,222.0,4.69,0.0,23.0,0.0,0.0,0.0,0
2194,2006,Nate Salley,4,74,216.0,4.63,40.0,14.0,123.0,6.79,4.15,1
2203,2006,Ernie Sims,4,71,231.0,4.5,41.0,25.0,125.0,7.31,4.22,1
104,2010,Thaddeus Gibson,4,74,243.0,4.78,32.0,32.0,115.0,6.84,4.27,1
2483,2007,Brandon Pace,4,70,193.0,4.74,0.0,0.0,0.0,0.0,0.0,0
1607,2004,Kellen Winslow,4,76,251.0,4.55,0.0,24.0,120.0,0.0,0.0,1
2195,2006,Tony Scheffler,4,77,254.0,4.54,33.5,17.0,115.0,6.81,4.01,1
681,2012,Jamie Blatnick,4,75,263.0,4.81,32.5,28.0,112.0,7.22,4.2,0
1864,2015,Steven Nelson,4,70,197.0,4.49,34.5,19.0,115.0,6.88,4.07,1
2787,2008,Kory Lichtensteiger,4,74,298.0,5.25,23.0,0.0,104.0,7.6,4.56,1
1820,2015,Matt Jones,4,74,231.0,4.61,31.5,20.0,112.0,0.0,4.2,1
1961,2006,Jason Avant,4,72,212.0,4.62,37.0,20.0,118.0,0.0,0.0,1
1179,2003,Kenny Peterson,4,75,298.0,4.8,0.0,0.0,0.0,0.0,0.0,1
303,2010,Blair White,4,74,209.0,4.49,33.5,18.0,115.0,6.69,4.03,0
3786,2021,Robert Hainsey,4,76,306.0,5.2,27.5,32.0,104.0,7.58,4.63,1
3457,2020,Jonah Jackson,4,75,306.0,5.23,26.0,28.0,98.0,7.83,5.02,1
3985,2021,Mekhi Sargent,4,68,208.0,4.62,33.5,0.0,114.0,7.08,4.39,0
3471,2020,Brandon Jones,4,71,198.0,0.0,0.0,0.0,0.0,0.0,0.0,1
1785,2015,Eli Harold,4,75,247.0,4.6,35.0,0.0,123.0,7.07,4.16,1
1735,2005,Fred Gibson,4,76,196.0,4.55,38.5,0.0,126.0,7.03,4.1,1
2580,2007,John Wendling,4,73,222.0,4.48,38.5,22.0,129.0,6.96,4.16,1
1977,2016,Stephen Anderson,4,74,230.0,4.59,38.0,16.0,119.0,0.0,0.0,0
1414,2014,E.J. Gaines,4,70,190.0,4.44,0.0,15.0,0.0,0.0,0.0,1
67,2000,Renard Cox,4,71,192.0,4.68,38.0,13.0,111.0,7.1,0.0,0
954,2002,Tank Williams,4,74,222.0,4.46,38.5,19.0,125.0,6.78,3.93,1
4102,2022,Tyler Allgeier,4,71,224.0,4.6,33.0,0.0,120.0,0.0,0.0,1
3084,2009,Jeremiah Johnson,4,69,209.0,4.57,35.0,20.0,115.0,0.0,0.0,0
2334,2007,Jeremy Clark-01,4,74,309.0,5.02,29.0,29.0,104.0,7.78,4.82,0
3454,2020,Cordel Iwuagwu,4,75,309.0,5.22,27.0,25.0,94.0,8.03,4.87,0
1648,2005,Nehemiah Broughton,4,71,250.0,4.59,30.0,25.0,108.0,7.54,4.28,1
4088,2021,Seth Williams,4,75,211.0,4.49,37.0,12.0,124.0,7.2,4.43,1
1231,2013,Geno Smith,4,74,218.0,4.58,33.5,0.0,124.0,0.0,0.0,1
768,2012,Cory Harkey,4,76,260.0,5.06,26.5,13.0,109.0,7.4,4.69,0
2545,2007,Joe Staley,4,78,306.0,4.79,0.0,27.0,0.0,0.0,0.0,1
2718,2008,Michael Grant,4,70,186.0,4.37,30.5,14.0,116.0,7.08,4.1,0
1604,2014,Travis Swanson,4,77,312.0,5.28,26.0,20.0,95.0,7.73,4.65,1
4632,2023,Moro Ojomo,4,75,292.0,5.04,33.0,29.0,112.0,0.0,0.0,1
1555,2004,Sean Taylor,4,74,230.0,4.51,0.0,0.0,0.0,0.0,0.0,1
851,2012,Jerron McMillian,4,71,203.0,4.47,36.5,17.0,120.0,6.69,4.22,1
1286,2013,Nathan Williams,4,75,241.0,4.88,35.0,24.0,113.0,6.99,4.44,0
1881,2005,Aaron Rodgers,4,74,223.0,4.71,34.5,0.0,110.0,7.38,0.0,1
4592,2023,Isaiah Land,4,76,236.0,4.62,34.5,21.0,126.0,7.2,4.56,0
1692,2015,Kaelin Clay,4,70,195.0,4.51,33.0,10.0,113.0,6.97,4.26,1
4119,2022,Terrel Bernard,4,73,224.0,0.0,35.5,22.0,123.0,7.03,4.25,1
2862,2018,Scott Quessenberry,4,76,310.0,5.09,33.5,25.0,111.0,7.5,4.69,1
47,2000,Chris Chaloupka,4,74,216.0,4.96,0.0,0.0,0.0,0.0,0.0,0
2031,2006,Marcus Green,4,73,295.0,5.14,31.0,33.0,108.0,7.62,4.86,0
144,2010,Kyle Jolly,4,78,311.0,5.36,21.5,20.0,89.0,7.89,4.87,0
872,2002,Jermaine Phillips,4,73,214.0,4.66,31.5,18.0,115.0,0.0,0.0,1
2148,2016,Roger Lewis,4,72,201.0,4.57,33.5,8.0,116.0,0.0,0.0,0
1137,2013,Scott Kovanda,4,74,207.0,4.84,0.0,0.0,0.0,0.0,0.0,0
2862,2008,Matt Ryan,4,77,228.0,4.89,0.0,0.0,0.0,7.4,4.51,1
1337,2004,Chris Cooley,4,75,265.0,4.87,33.0,22.0,115.0,7.21,4.19,1
975,2003,Justin Bates,4,76,300.0,5.38,0.0,18.0,0.0,0.0,0.0,0
3833,2021,Jermar Jefferson,4,70,206.0,4.57,31.0,13.0,115.0,7.38,4.38,1
328,2011,Danny Aiken,4,76,244.0,5.0,0.0,11.0,0.0,0.0,0.0,0
1566,2004,Daryl Towns,4,72,224.0,4.57,37.0,0.0,112.0,7.15,4.25,0
1035,2003,Anthony Floyd,4,69,202.0,4.6,33.5,19.0,117.0,7.09,4.2,0
2725,2018,Robert Foster,4,74,196.0,4.41,31.0,0.0,116.0,6.9,4.2,0
610,2011,Adrian Taylor,4,75,311.0,5.22,0.0,34.0,0.0,0.0,0.0,0
29,2000,Travis Brown-01,4,75,218.0,5.01,29.0,0.0,101.0,7.54,4.87,0
3548,2020,Danny Pinter,4,76,306.0,4.91,29.5,24.0,110.0,7.76,4.62,1
1867,2015,Nick O'Leary,4,75,252.0,4.93,30.5,21.0,110.0,7.4,4.5,1
2542,2017,Jalen Robinette,4,75,220.0,4.62,31.5,13.0,120.0,6.77,4.46,0
1415,2004,Landon Johnson,4,74,227.0,4.65,37.5,20.0,120.0,7.0,4.08,1
3167,2019,Kaleb McGary,4,79,317.0,5.05,33.5,23.0,111.0,7.66,4.58,1
475,2011,Jeron Johnson,4,70,212.0,4.51,0.0,23.0,0.0,0.0,0.0,0
2035,2006,Derek Hagan,4,74,208.0,4.45,36.0,0.0,124.0,0.0,4.07,1
3194,2009,Jamarca Sanford,4,70,214.0,4.43,33.5,29.0,116.0,7.02,4.2,1
1385,2014,Joe Don Duncan,4,75,268.0,4.79,0.0,35.0,0.0,0.0,0.0,0
